Rank,Name,URL
1,CAD Order Form,https://tools.ezjems.com/tools/CADRequest.html
2,Quotation Form,https://tools.ezjems.com/tools/quote.html
3,Customer CAD Submission,https://neucad.diamantra.com/
4,Design Bank,https://tools.ezjems.com/tools/catalog/designbank/designCatalog.html
5,Active Line,https://tools.ezjems.com/tools/catalog/liveline/catalog.html?loc=G
6,Sample Line,https://tools.ezjems.com/tools/catalog/sampleline/sampleCatalog.html?loc=G
7,Collections/Programs,https://tools.ezjems.com/tools/catalog/liveline/selectCollection.html
8,DM Jewelry Calc v3,https://docs.google.com/spreadsheets/d/1ni6bTeF5bm_-0TkTOLwwswkH5qny_Znt6VQyJOw7Q00/edit?usp=sharing
9,WS Jewelry Calc v3,https://docs.google.com/spreadsheets/d/1VB0An3DEcy2uQXuBOUPgl4V_49wBKq077_UZMbFSUGU/edit?usp=sharing
10,Weight Estimator,https://tools.ezjems.com/tools/JewelryWeightEstimator.html
11,Metal Convertor,https://tools.ezjems.com/tools/MetalConvertorGrid.html
12,Ring Size Chart,https://tools.ezjems.com/tools/RingSize.html
13,Eternity Calcultor,https://tools.ezjems.com/tools/EternityEstimator.html
